25302;tenn;Tennis;6.75728;47.05773111111112;ST;;94587;2;;;;;;;;
25301;tenn;Tennis;6.75713;47.0578;ST;;94587;1;;;;;;;;
25401;jupe;Joux-Pelichet;6.75708;47.05617;ST;;94588;1;;;;;;;;
25501;cent;Centenaire;6.75872;47.05625;ST;;94589;1;;;;;;;;
8001;arre;Armes-Réunies;6.82233;47.09928305555556;ST;;93658;1;;;;;;;;
25602;russ;Le Russey;6.72949388888889;47.16247194444444;ST;;256;2;;;;;;;;
25601;russ;Le Russey;6.72949388888889;47.16247194444444;ST;;256;1;;;;;;;;
8101;abei;Abeille;6.82067805555556;47.1004388888889;ST;;93654;1;;;;;;;;
8102;abei;Abeille;6.82034;47.09982694444444;ST;;93654;2;;;;;;;;
25701;barb;Le Barboux;6.71449694444445;47.11761305555556;ST;;257;1;;;;;;;;
25702;barb;Le Barboux;6.71449694444445;47.11761305555556;ST;;257;2;;;;;;;;
8201;nord;Nord;6.81825;47.101155;ST;;93648;1;;;;;;;;
8302;poui;Pouillerel;6.81726694444445;47.100425;ST;;93646;2;;;;;;;;
51001;nese;Neuchâtel-Serrières;6.90342305555556;46.98391;ST;;4220;1;;;;;;;;
8402;vitu;Villa Turque;6.81582694444444;47.0994738888889;ST;;93641;2;;;;;;;;
8401;vitu;Villa Turque;6.81551611111111;47.09935194444446;ST;;93641;1;;;;;;;;
51101;auve;Auvernier;6.87767388888889;46.97983305555556;ST;;4219;1;;;;;;;;
8502;succ;Succès;6.81309805555556;47.09802694444446;ST;;93636;2;;;;;;;;
8501;succ;Succès;6.81296305555556;47.09804194444446;ST;;93636;1;;;;;;;;
51201;bole;Bôle;6.83766805555556;46.96904611111112;ST;;4218;1;;;;;;;;
8602;lybl;Lycée Blaise-Cendrars;6.80955805555556;47.09701111111112;ST;;93633;2;;;;;;;;
8601;lybl;Lycée Blaise-Cendrars;6.80963694444445;47.097065;ST;;93633;1;;;;;;;;
8702;chra;Chapeau-Rablé;6.80866388888889;47.09868;ST;;93630;2;;;;;;;;
51401;fleu;Fleurier;6.58158;46.90486;ST;;4287;1;;;;;;;;
30301;brepo;Les Brenets, Poste;6.70501388888889;47.0683888888889;ST;;303;1;;;;;;;;
8801;reco;Recorne;6.80959305555556;47.09964611111112;ST;;93632;1;;;;;;;;
104601;SBLAI;St-Blaise centre;6.9871;47.0121;ST;;71910;1;;;;;;;;
104602;SBLAI;St-Blaise centre;6.9871;47.0121;ST;;71910;2;;;;;;;;
60002;flgr;Fleurier Grand-Rue;6.580885;46.9023788888889;ST;;88797;2;;;;;;;;
60001;flgr;Fleurier Grand-Rue;6.58048111111111;46.90226111111112;ST;;88797;1;;;;;;;;
60102;flco;Fleurier Collège;6.57683111111111;46.90367111111112;ST;;71855;2;;;;;;;;
60101;flco;Fleurier Collège;6.57683111111111;46.90367111111112;ST;;71855;1;;;;;;;;
60202;stvi;St-Sulpice NE Village;6.57029611111111;46.908535;ST;;79593;2;;;;;;;;
60201;stvi;St-Sulpice NE Village;6.56990388888889;46.90886;ST;;79593;1;;;;;;;;
60302;stpo;St-Sulpice NE Poste;6.56705694444445;46.90962111111112;ST;;79594;2;;;;;;;;
60301;stpo;St-Sulpice NE Poste;6.56709388888889;46.9096638888889;ST;;79594;1;;;;;;;;
60401;stte;St-Sulpice NE Terminus;6.56177;46.90964305555556;ST;;79595;1;;;;;;;;
60501;stfo;St-Sulpice NE La Foule;6.56719305555556;46.913095;ST;;79596;1;;;;;;;;
60502;stfo;St-Sulpice NE La Foule;6.56712805555556;46.91304694444446;ST;;79596;2;;;;;;;;
60602;stpr;St-Sulpice NE Prise Milord;6.55468611111111;46.91311611111112;ST;;79597;2;;;;;;;;
60601;stpr;St-Sulpice NE Prise Milord;6.55466388888889;46.91317388888888;ST;;79597;1;;;;;;;;
60702;hato;Haut-de-la-Tour;6.53465194444445;46.90975611111112;ST;;4737;2;;;;;;;;
60701;hato;Haut-de-la-Tour;6.53463694444444;46.90983888888888;ST;;4737;1;;;;;;;;
60802;baha;Les Bayards Halte CFF;6.52407888888889;46.90899305555556;ST;;79598;2;;;;;;;;
60801;baha;Les Bayards Halte CFF;6.52413305555556;46.90901305555556;ST;;79598;1;;;;;;;;
60902;bavi;Les Bayards Village;6.51595194444445;46.9163488888889;ST;;4399;2;;;;;;;;
60901;bavi;Les Bayards Village;6.51571805555556;46.91638805555556;ST;;4399;1;;;;;;;;
9001;lysu;Lycée Blaise-Cendrars Sud;6.80821805555556;47.09451194444446;ST;;93628;1;;;;;;;;
109201;SMARC;St-Martin;6.930995;47.0658488888889;ST;;87478;1;;;;;;;;
109202;SMARC;St-Martin;6.930995;47.0658488888889;ST;;87478;2;;;;;;;;
35101;legr;Le Grenier;6.833695;47.09976111111112;ST;;4381;1;;;;;;;;
35201;reym;Le Reymond;6.84407305555556;47.08708;ST;;4382;1;;;;;;;;
35301;laco;La Corbatière;6.83492111111111;47.0695538888889;ST;;4383;1;;;;;;;;
35401;saeg;La Sagne-Eglise;6.81853194444445;47.05090194444444;ST;;4384;1;;;;;;;;
35501;sagn;La Sagne;6.80208111111111;47.03988805555556;ST;;4385;1;;;;;;;;
35601;coes;Les Coeudres-Est;6.78954;47.02879805555556;ST;;30011;1;;;;;;;;
35701;coeu;Les Coeudres;6.78015888888889;47.0228538888889;ST;;4386;1;;;;;;;;
35801;pees;Petit-Martel-Est;6.766815;47.01459111111112;ST;;30012;1;;;;;;;;
18302;boug;Bougillons;6.822015;47.08935111111112;ST;;93656;2;;;;;;;;
61002;baqu;Les Bayards Quart. du Vent;6.51196888888889;46.9154888888889;ST;;79599;2;;;;;;;;
61001;baqu;Les Bayards Quart. du Vent;6.51191111111111;46.9155438888889;ST;;79599;1;;;;;;;;
35901;pema;Petit-Martel;6.75518805555556;47.0100938888889;ST;;4387;1;;;;;;;;
18402;gent;Gentianes;6.82574694444444;47.09300694444446;ST;;93666;2;;;;;;;;
61102;vecr;Les Verrières Le Crêt-Sud;6.49397694444445;46.90648611111112;ST;;4736;2;;;;;;;;
61101;vecr;Les Verrières Le Crêt-Sud;6.49327194444445;46.906565;ST;;4736;1;;;;;;;;
18502;orme;Ormes;6.82196194444444;47.09347194444446;ST;;93655;2;;;;;;;;
117801;GYMNA;Lycée D.-Rougemont;6.94038;46.99508305555556;ST;;94600;1;;;;;;;;
117802;GYMNA;Lycée D.-Rougemont;6.939605;46.994555;ST;;94600;2;;;;;;;;
61202;vepe;Les Verrières Vy-Perroud;6.48358694444444;46.90545194444444;ST;;93621;2;;;;;;;;
61201;vepe;Les Verrières Vy-Perroud;6.48358694444444;46.90545194444444;ST;;93621;1;;;;;;;;
117901;PROUL;Port-Roulant;6.91313111111111;46.98610611111112;ST;;94601;1;;;;;;;;
117902;PROUL;Port-Roulant;6.91357694444444;46.98638805555556;ST;;94601;2;;;;;;;;
61302;vega;Les Verrières Gare;6.47923388888889;46.905065;ST;;4596;2;;;;;;;;
61301;vega;Les Verrières Gare;6.47916888888889;46.90510111111112;ST;;4596;1;;;;;;;;
18702;muse;Musées;6.82897888888889;47.10120305555556;ST;;93682;2;;;;;;;;
118001;RIVER;Riveraine;6.94676111111111;46.99673111111112;ST;;94602;1;;;;;;;;
118002;RIVER;Riveraine;6.94655305555556;46.99673;ST;;94602;2;;;;;;;;
61402;gafr;Croix-Blanche;6.47355305555556;46.90302611111112;ST;;79601;2;;;;;;;;
61401;gafr;Croix-Blanche;6.47351888888889;46.9030888888889;ST;;79601;1;;;;;;;;
118101;TEVAL;Temple des Valangines;6.91233305555556;46.9913;ST;;94603;1;;;;;;;;
61501;veme;Les Verrières Meudon;6.46450305555556;46.902455;ST;;4597;1;;;;;;;;
61502;veme;Les Verrières Meudon;6.46435194444445;46.90227611111112;ST;;4597;2;;;;;;;;
61602;vedo;Les Verrières Douane;6.45866694444445;46.90080805555556;ST;;4318;2;;;;;;;;
61601;vedo;Les Verrières Douane;6.45863611111111;46.90088611111112;ST;;4318;1;;;;;;;;
61702;vejo;Les Verrières-de-Joux;6.45000805555556;46.896925;ST;;87503;2;;;;;;;;
61701;vejo;Les Verrières-de-Joux;6.44999194444445;46.89696194444444;ST;;87503;1;;;;;;;;
61802;clmi;Frambourg;6.37905388888889;46.87209194444444;ST;;87504;2;;;;;;;;
61801;clmi;Frambourg;6.379045;46.87214194444444;ST;;87504;1;;;;;;;;
61901;PONTA;Pontarlier Gare SNCF;6.35255611111111;46.90116805555556;ST;;619;1;;;;;;;;
115501;MALAD;Maladière;6.94321111111111;46.99550305555556;ST;;93600;1;;;;;;;;
115502;MALAD;Maladière;6.94235305555556;46.99528805555556;ST;;93600;2;;;;;;;;
70001;vill;Villiers;6.97217305555556;47.0748538888889;ST;;4256;1;;;;;;;;
115601;GIBRA;Microcity;6.94526611111111;46.99726611111112;ST;;93601;1;;;;;;;;
115602;GIBRA;Microcity;6.94458305555556;46.99711305555556;ST;;93601;2;;;;;;;;
70101;chey;La Champey;6.96748888888889;47.07317500000002;ST;;79615;1;;;;;;;;
70102;chey;La Champey;6.96747194444444;47.07312194444444;ST;;79615;2;;;;;;;;
115701;FAHYS;Fahys;6.94605194444445;47.00096;ST;;93602;1;;;;;;;;
115702;FAHYS;Fahys;6.945565;47.0008738888889;ST;;93602;2;;;;;;;;
70202;mofo;Temple;6.96067;47.0721138888889;ST;;79614;2;;;;;;;;
70201;mofo;Temple;6.96045388888889;47.07214;ST;;79614;1;;;;;;;;
115801;BAMAIL;Bas-du-Mail;6.94835;46.99727;ST;;93603;1;;;;;;;;
115802;BAMAIL;Bas-du-Mail;6.94835;46.99736;ST;;93603;2;;;;;;;;
70302;post;Dombresson Collège;6.95662388888889;47.07136611111112;ST;;4255;2;;;;;;;;
70301;post;Dombresson Collège;6.95662388888889;47.07136611111112;ST;;4255;1;;;;;;;;
115901;PROUG;Portes-Rouges;6.95086805555556;47.00250194444446;ST;;93604;1;;;;;;;;
115902;PROUG;Portes-Rouges;6.95098194444445;47.0026238888889;ST;;93604;2;;;;;;;;
70402;bacr;Bas des Crêts;6.95388388888889;47.07105305555556;ST;;79613;2;;;;;;;;
70401;bacr;Bas des Crêts;6.95384111111111;47.0711388888889;ST;;79613;1;;;;;;;;
116001;SAR17;Saars 17;6.95311388888889;46.99812611111112;ST;;93605;1;;;;;;;;
116002;SAR17;Saars 17;6.95270388888889;46.99799;ST;;93605;2;;;;;;;;
104401;CARREL;Les Carrels;6.89836;46.98878;ST;;71846;1;;;;;;;;
104402;CARREL;Les Carrels;6.8984;46.98868305555556;ST;;71846;2;;;;;;;;
116101;SAR55;Saars 55;6.95502388888889;46.99901805555556;ST;;93606;1;;;;;;;;
116102;SAR55;Saars 55;6.95500111111111;46.99905694444446;ST;;93606;2;;;;;;;;
116201;SHELE;Ste-Hélène;6.95526305555556;47.004165;ST;;93607;1;;;;;;;;
116202;SHELE;Ste-Hélène;6.955495;47.00450305555556;ST;;93607;2;;;;;;;;
116301;PISCI;Piscines;6.95615;46.99781;ST;;93608;1;;;;;;;;
104501;ECLUSE;Ecluse;6.92711;46.9933188888889;ST;;71848;1;;;;;;;;
104502;ECLUSE;Ecluse;6.92690888888889;46.9932838888889;ST;;71848;2;;;;;;;;
116401;MULET;Ch. des Mulets;6.95769194444445;47.0030888888889;ST;;93609;1;;;;;;;;
116402;MULET;Ch. des Mulets;6.95764305555556;47.0031188888889;ST;;93609;2;;;;;;;;
36001;lest;Le Stand;6.74525305555556;47.00502194444444;ST;;30225;1;;;;;;;;
36101;poma;Les Ponts-de-Martel;6.73527805555556;46.99908694444444;ST;;4388;1;;;;;;;;
19101;amgi;Ami Girard;6.81634694444445;47.09723611111112;ST;;93643;1;;;;;;;;
19202;forg;Forges;6.80933888888889;47.09138194444446;ST;;93631;2;;;;;;;;
19302;alqu;Allée du Quartz;6.81081805555556;47.08743611111112;ST;;87358;2;;;;;;;;
19301;alqu;Allée du Quartz;6.810815;47.087285;ST;;87358;1;;;;;;;;
19401;crlo;Le Crêt-du-Locle;6.78410111111111;47.07840111111112;ST;;79002;1;;;;;;;;
19402;crlo;Le Crêt-du-Locle;6.78415805555556;47.07826694444446;ST;;79002;2;;;;;;;;
19501;epae;Eplatures/Aéroport;6.79799805555556;47.084685;ST;;87364;1;;;;;;;;
19502;epae;Eplatures/Aéroport;6.79809388888889;47.08458805555556;ST;;87364;2;;;;;;;;
109001;CESCOL;Cescole;6.8645;46.96155;ST;;79791;1;;;;;;;;
62402;bote;Boveresse Temple;6.59975611111111;46.91617388888888;ST;;87729;2;;;;;;;;
62401;bote;Boveresse Temple;6.59972305555556;46.91621888888888;ST;;87729;1;;;;;;;;
62502;bopi;Boveresse Piscine;6.613735;46.920095;ST;;80385;2;;;;;;;;
62501;bopi;Boveresse Piscine;6.613605;46.92015111111112;ST;;80385;1;;;;;;;;
62602;coco;Couvet Centre Commercial;6.624555;46.92226305555556;ST;;79726;2;;;;;;;;
62601;coco;Couvet Centre Commercial;6.62486611111111;46.922565;ST;;79726;1;;;;;;;;
62702;coho;Couvet Hôpital;6.63115305555556;46.92532194444444;ST;;80386;2;;;;;;;;
62701;coho;Couvet Hôpital;6.63136888888889;46.92558194444446;ST;;80386;1;;;;;;;;
62801;coce;Couvet, Centre sportif;6.6403;46.92820805555556;ST;;87726;1;;;;;;;;
62802;coce;Couvet, Centre sportif;6.6403;46.92820805555556;ST;;87726;2;;;;;;;;
116501;FAVAR;Favarge;6.95868305555556;47.00681611111112;ST;;93610;1;;;;;;;;
116502;FAVAR;Favarge;6.95866611111111;47.00688305555556;ST;;93610;2;;;;;;;;
116601;MONRU;Monruz;6.9639;47.00598305555556;ST;;93611;1;;;;;;;;
116602;MONRU;Monruz;6.96322388888889;47.0056;ST;;93611;2;;;;;;;;
71101;bopa;Bois-du-Pâquier;6.89562111111111;47.057595;ST;;79609;1;;;;;;;;
71102;bopa;Bois-du-Pâquier;6.89565888888889;47.0576588888889;ST;;79609;2;;;;;;;;
116701;CHABL;Châble;6.96488305555556;47.01004694444446;ST;;93612;1;;;;;;;;
116702;CHABL;Châble;6.96462305555556;47.0100138888889;ST;;93612;2;;;;;;;;
71201;sous;Sous l'Usine;6.89117388888889;47.05587805555556;ST;;79608;1;;;;;;;;
71202;sous;Sous l'Usine;6.89133611111111;47.0559938888889;ST;;79608;2;;;;;;;;
116801;VIGNO;Vignoble;6.89304805555556;46.98809805555556;ST;;93613;1;;;;;;;;
116802;VIGNO;Vignoble;6.89354111111111;46.9881388888889;ST;;93613;2;;;;;;;;
71301;pave;Le Pavé;6.90065194444445;47.04533111111112;ST;;79607;1;;;;;;;;
116901;CEVEN;Cévenols;6.88492388888889;46.98588805555556;ST;;93614;1;;;;;;;;
116902;CEVEN;Cévenols;6.883785;46.9855288888889;ST;;93614;2;;;;;;;;
71402;dist;Le District;6.90077805555556;47.04266;ST;;4257;2;;;;;;;;
71401;dist;Le District;6.90094194444445;47.04267194444444;ST;;4257;1;;;;;;;;
117001;SENTI;Sentier de la Gare;6.98347611111111;47.01334694444444;ST;;93615;1;;;;;;;;
117002;SENTI;Sentier de la Gare;6.98195694444445;47.013425;ST;;93615;2;;;;;;;;
71502;land;Landeyeux;6.90681888888889;47.03295805555556;ST;;79604;2;;;;;;;;
71501;land;Landeyeux;6.90681888888889;47.03295805555556;ST;;79604;1;;;;;;;;
117102;G_BLS;Gare Lac;6.98599194444445;47.0128138888889;ST;;93616;2;;;;;;;;
117101;G_BLS;Gare Lac;6.98598;47.01278694444444;ST;;93616;1;;;;;;;;
71602;borc;La Borcarderie;6.90897388888889;47.024;ST;;79603;2;;;;;;;;
71601;borc;La Borcarderie;6.90986194444445;47.02511;ST;;79603;1;;;;;;;;
117201;VIGNE;Sous-les-Vignes;6.99135805555556;47.01131194444444;ST;;93617;1;;;;;;;;
117202;VIGNE;Sous-les-Vignes;6.99105611111111;47.01151611111112;ST;;93617;2;;;;;;;;
71702;vace;Valangin Centre;6.90652611111111;47.0152038888889;ST;;79602;2;;;;;;;;
71701;vace;Valangin Centre;6.90632194444445;47.0155838888889;ST;;79602;1;;;;;;;;
71801;vaus;Vauseyon;6.90685388888889;46.98933305555556;ST;;718;1;;;;;;;;
71802;vaus;Vauseyon;6.90682194444445;46.98949111111112;ST;;718;2;;;;;;;;
102603;ECLUFU;Ecluse;6.92724694444445;46.99355805555556;ST;;30006;3;;;;;;;;
63002;cole;Couvet, Le Preyel;6.63418;46.92333;ST;;95198;2;;;;;;;;
63001;cole;Couvet, Le Preyel;6.63418;46.92333;ST;;95198;1;;;;;;;;
102701;BOINF;Boine;6.92723611111111;46.99468611111112;ST;;30007;1;;;;;;;;
63101;moce;Môtiers, Collège;6.60917;46.9102;ST;;95199;1;;;;;;;;
63102;moce;Môtiers, Collège;6.60917;46.9102;ST;;95199;2;;;;;;;;
102802;COTEF;Côte;6.92721388888889;46.99585805555556;ST;;30008;2;;;;;;;;
63201;trve;Travers, Verger;6.6775;46.94129;ST;;95200;1;;;;;;;;
63202;trve;Travers, Verger;6.6775;46.94129;ST;;95200;2;;;;;;;;
63302;brle;Brot-Dessus, Le Joratel;6.73304;46.96586000000002;ST;;95195;2;;;;;;;;
63301;brle;Brot-Dessus, Le Joratel;6.73304;46.96586000000002;ST;;95195;1;;;;;;;;
63402;brbu;Brot-Dessus,Bureau Communal;6.74106;46.97265;ST;;95194;2;;;;;;;;
63401;brbu;Brot-Dessus,Bureau Communal;6.74106;46.97265;ST;;95194;1;;;;;;;;
63502;brve;Brot-Dessus, V-Ch-les-Brandt;6.74689;46.98067;ST;;95196;2;;;;;;;;
63501;brve;Brot-Dessus, V-Ch-les-Brandt;6.74689;46.98067;ST;;95196;1;;;;;;;;
63602;leca;Les Petits-Ponts, carrefour;6.75436;46.99266;ST;;4747;2;;;;;;;;
63601;leca;Les Petits-Ponts, carrefour;6.75436;46.99266;ST;;4747;1;;;;;;;;
63701;lega;Les Ponts-de-Martel, gare;6.73477;46.99874;ST;;71838;1;;;;;;;;
63801;cola;Couvet, La Léchère;6.64538;46.93091;ST;;95197;1;;;;;;;;
63802;cola;Couvet, La Léchère;6.64538;46.93091;ST;;95197;2;;;;;;;;
109101;MARIN;Marin Gare;7.00901;47.00913305555556;ST;;82487;1;;;;;;;;
72102;bass;Les Bassins;6.901415;47.0451838888889;ST;;79606;2;;;;;;;;
72201;rojo;Jonchère;6.89080194444444;47.03052694444446;ST;;79605;1;;;;;;;;
72202;rojo;Jonchère;6.89092611111111;47.0308738888889;ST;;79605;2;;;;;;;;
102001;PP5;Place Pury Littorail;6.9282;46.98936;ST;;4398;1;;;;;;;;
72301;boce;Boudevilliers Centre;6.88905888888889;47.02614694444444;ST;;4258;1;;;;;;;;
72302;boce;Boudevilliers Centre;6.88892194444444;47.02617611111112;ST;;4258;2;;;;;;;;
72402;cure;La Cure;6.90257;47.018865;ST;;4259;2;;;;;;;;
72401;cure;La Cure;6.90251305555556;47.01881111111112;ST;;4259;1;;;;;;;;
109402;STMAR;Rebatte;6.92733888888889;47.06478388888888;ST;;88595;2;;;;;;;;
109401;STMAR;Rebatte;6.92733888888889;47.06478388888888;ST;;88595;1;;;;;;;;
72501;haga;Les Hauts-Geneveys Gare;6.87514805555556;47.04770111111112;ST;;4250;1;;;;;;;;
72602;crju;Crêt-du-Jura;6.87586888888889;47.0492188888889;ST;;79616;2;;;;;;;;
72601;crju;Crêt-du-Jura;6.87598388888889;47.04927388888888;ST;;79616;1;;;;;;;;
72702;fema;Ferme Matile;6.882695;47.05380305555556;ST;;79617;2;;;;;;;;
72701;fema;Ferme Matile;6.88349111111111;47.05399388888888;ST;;79617;1;;;;;;;;
72802;foco;Fontainemelon Collège;6.88732111111111;47.05521694444444;ST;;79618;2;;;;;;;;
72801;foco;Fontainemelon Collège;6.887795;47.0553;ST;;79618;1;;;;;;;;
72901;maco;Centre;6.89;47.0562238888889;ST;;4251;1;;;;;;;;
72902;maco;Centre;6.890125;47.05625888888888;ST;;4251;2;;;;;;;;
109602;CORCE;Corcelles, Collège;6.8756;46.98306694444446;ST;;93540;2;;;;;;;;
109601;CORCE;Corcelles, Collège;6.874085;46.98309694444446;ST;;93540;1;;;;;;;;
102401;PHARM;Pharmacie;6.88046388888889;46.98460194444444;ST;;4742;1;;;;;;;;
102402;PHARM;Pharmacie;6.88109194444445;46.98476305555556;ST;;4742;2;;;;;;;;
102404;PHARM;Pharmacie;6.87941111111111;46.9849788888889;ST;;4742;4;;;;;;;;
102403;PHARM;Pharmacie;6.88040305555556;46.9846338888889;ST;;4742;3;;;;;;;;
109702;NICOL;Nicole;6.87716305555556;46.9835538888889;ST;;93541;2;;;;;;;;
109701;NICOL;Nicole;6.87715;46.98361611111112;ST;;93541;1;;;;;;;;
474301;gratt;Les Grattes de bise;6.81421111111111;46.98483;ST;;4743;1;;;;;;;;
109802;PRIEU;Prieuré;6.87237111111111;46.98247305555556;ST;;93542;2;;;;;;;;
109801;PRIEU;Prieuré;6.87097888888889;46.982345;ST;;93542;1;;;;;;;;
109901;BUFFE1;Buffet d'un Tram;6.85313305555556;46.94745;ST;;93543;1;;;;;;;;
109902;BUFFE1;Buffet d'un Tram;6.85335;46.94733305555556;ST;;93543;2;;;;;;;;
110001;GRAVIE;Graviers;6.85531611111111;46.94563305555556;ST;;93544;1;;;;;;;;
110002;GRAVIE;Graviers;6.85531611111111;46.94563305555556;ST;;93544;2;;;;;;;;
110101;CABLES;Câbles;6.85792388888889;46.945015;ST;;93545;1;;;;;;;;
102501;PESEU;Temple;6.88863194444444;46.9870738888889;ST;;4746;1;;;;;;;;
102502;PESEU;Temple;6.88836388888889;46.98686805555556;ST;;4746;2;;;;;;;;
110301;TOMBE;Tombet;6.89687888888889;46.98587194444446;ST;;93547;1;;;;;;;;
110302;TOMBE;Tombet;6.896855;46.98589694444446;ST;;93547;2;;;;;;;;
110401;LOCHA;Longchamps;6.96893305555556;47.01128305555556;ST;;93548;1;;;;;;;;
110402;LOCHA;Longchamps;6.96911611111111;47.01141611111112;ST;;93548;2;;;;;;;;
104001;ETANG;Rue de l'Etang;6.85751388888889;46.96614611111112;ST;;71789;1;;;;;;;;
110501;CHAT_H;Château;6.974445;47.01259;ST;;93549;1;;;;;;;;
110502;CHAT_H;Château;6.97304611111111;47.01279805555556;ST;;93549;2;;;;;;;;
73002;soli;Sous la Lisière;6.89369194444444;47.05734611111112;ST;;88817;2;;;;;;;;
73001;soli;Sous la Lisière;6.89363388888889;47.0572538888889;ST;;88817;1;;;;;;;;
73101;bobo;Boudevilliers Bottes;6.88425305555556;47.01959694444444;ST;;87440;1;;;;;;;;
73201;coff;Coffrane;6.86192611111111;47.01072;ST;;79619;1;;;;;;;;
73401;mora;Mont-Racine;6.85183111111111;47.0164;ST;;79621;1;;;;;;;;
73601;prel;Prélets;6.852105;47.0135388888889;ST;;87870;1;;;;;;;;
73702;pisc;Piscine;6.91331388888889;47.0426238888889;ST;;87862;2;;;;;;;;
73801;engo;Engollon;6.92155888888889;47.03719;ST;;87854;1;;;;;;;;
102903;PLANF;Plan;6.92720305555556;46.99703;ST;;30023;3;;;;;;;;
110601;MUSARC;Laténium;6.97104305555556;47.0094738888889;ST;;93550;1;;;;;;;;
110602;MUSARC;Laténium;6.97113305555556;47.0096;ST;;93550;2;;;;;;;;
104101;SOUPRE;Sous-le-Pré;6.84668388888889;46.96835611111112;ST;;71791;1;;;;;;;;
104102;SOUPRE;Sous-le-Pré;6.84664888888889;46.9684288888889;ST;;71791;2;;;;;;;;
110701;PORTH;Port;6.973915;47.0107638888889;ST;;93551;1;;;;;;;;
110702;PORTH;Port;6.97387694444444;47.010815;ST;;93551;2;;;;;;;;
104201;COLLBO;Collèges;6.83992694444444;46.96785694444446;ST;;71792;1;;;;;;;;
104202;COLLBO;Collèges;6.839965;46.96791305555556;ST;;71792;2;;;;;;;;
110801;BEAUM;Beaumont;6.97808694444445;47.01311194444446;ST;;93552;1;;;;;;;;
110802;BEAUM;Beaumont;6.97879;47.01341611111112;ST;;93552;2;;;;;;;;
104301;PIASI;Pierre-à-Sisier;6.83376111111111;46.96989805555556;ST;;71793;1;;;;;;;;
110901;ROUGT;Rouges-Terres;6.97776111111111;47.01248805555556;ST;;93553;1;;;;;;;;
110902;ROUGT;Rouges-Terres;6.977195;47.0122888888889;ST;;93553;2;;;;;;;;
120302;villa;Village;6.818475;46.969615;ST;;1203;2;;;;;;;;
120301;villa;Village;6.818475;46.969615;ST;;1203;1;;;;;;;;
111001;INDIE;Indiennes;6.99528305555556;47.00958305555556;ST;;93554;1;;;;;;;;
111002;INDIE;Indiennes;6.99507888888889;47.00964305555556;ST;;93554;2;;;;;;;;
120401;Chaga;Chambrelien, Gare;6.81296611111111;46.96766805555556;ST;;1204;1;;;;;;;;
111101;MARVI;Marin Village;7.00122388888889;47.00914611111112;ST;;93555;1;;;;;;;;
111102;MARVI;Marin Village;7.00084111111111;47.00922;ST;;93555;2;;;;;;;;
120502;sauge;La Sauge;6.81505;46.97370694444444;ST;;1205;2;;;;;;;;
120501;sauge;La Sauge;6.81498388888889;46.97374194444446;ST;;1205;1;;;;;;;;
111201;BLVU_M;Marin Centre;7.00450111111111;47.01061305555556;ST;;93556;1;;;;;;;;
111202;BLVU_M;Marin Centre;7.004575;47.0106038888889;ST;;93556;2;;;;;;;;
120601;carre;Carrefour;6.80998888888889;46.97830305555556;ST;;1206;1;;;;;;;;
111301;COUVI;Couviers;7.0059;47.00905111111112;ST;;93557;1;;;;;;;;
111302;COUVI;Couviers;7.00677694444445;47.00903694444446;ST;;93557;2;;;;;;;;
120702;ecole;école;6.80891888888889;46.978945;ST;;1207;2;;;;;;;;
111401;SERRI;Serrières;6.89927;46.98148305555556;ST;;93558;1;;;;;;;;
120801;erabl;L'Erable;6.81188305555556;46.98202805555556;ST;;1208;1;;;;;;;;
111501;CASEL;Caselle;6.90071111111111;46.98639194444444;ST;;93559;1;;;;;;;;
111502;CASEL;Caselle;6.90071111111111;46.98645194444446;ST;;93559;2;;;;;;;;
111601;BATTI;Battieux;6.90185694444445;46.98226;ST;;93560;1;;;;;;;;
111602;BATTI;Battieux;6.90268305555556;46.98246694444446;ST;;93560;2;;;;;;;;
103601;GAREFU;Neuchâtel-Gare;6.93572888888889;46.9964738888889;ST;;30791;1;;;;;;;;
111701;DRAIZ;Draizes;6.9016;46.98916611111112;ST;;93561;1;;;;;;;;
111702;DRAIZ;Draizes;6.903065;46.98928;ST;;93561;2;;;;;;;;
103701;UNIVFU;Université;6.9376;46.9942038888889;ST;;30792;1;;;;;;;;
111801;TIVOL;Tivoli;6.90573305555556;46.98348305555556;ST;;93562;1;;;;;;;;
111802;TIVOL;Tivoli;6.90665805555556;46.98367305555556;ST;;93562;2;;;;;;;;
111902;BEAUR;Beauregard;6.90947111111111;46.98868305555556;ST;;93563;2;;;;;;;;
111901;BEAUR;Beauregard;6.91016694444445;46.98838305555556;ST;;93563;1;;;;;;;;
112001;PPAR;Pont des Parcs;6.90991805555556;46.99030694444446;ST;;93564;1;;;;;;;;
112002;PPAR;Pont des Parcs;6.90901111111111;46.9901888888889;ST;;93564;2;;;;;;;;
112101;GPIER;Grise-Pierre;6.91003611111111;46.98481111111112;ST;;93565;1;;;;;;;;
112102;GPIER;Grise-Pierre;6.91003611111111;46.98471694444444;ST;;93565;2;;;;;;;;
103801;TROIS;Trois-Chênes;6.91183305555556;47.00097611111112;ST;;63566;1;;;;;;;;
103802;TROIS;Trois-Chênes;6.91189194444445;47.00098;ST;;63566;2;;;;;;;;
103803;TROIS;Trois-Chênes;6.91203305555556;47.00103305555556;ST;;63566;3;;;;;;;;
112201;POUDR;Poudrières;6.91308388888889;46.98874805555556;ST;;93567;1;;;;;;;;
112202;POUDR;Poudrières;6.91305;46.98878305555556;ST;;93567;2;;;;;;;;
112301;CHVAL;Chemin des Valangines;6.9149;46.9927;ST;;93568;1;;;;;;;;
112401;STNIC;St-Nicolas MEN;6.91683305555556;46.98976694444446;ST;;93569;1;;;;;;;;
112402;STNIC;St-Nicolas MEN;6.91617694444445;46.98971805555556;ST;;93569;2;;;;;;;;
75402;evol;Evologia;6.908065;47.05914611111112;ST;;89889;2;;;;;;;;
75401;evol;Evologia;6.90803805555556;47.05919111111112;ST;;89889;1;;;;;;;;
120102;censpo;Centre sportif;6.82234805555556;46.94477194444444;ST;;95495;2;;;;;;;;
120101;censpo;Centre sportif;6.82309888888889;46.94459611111112;ST;;95495;1;;;;;;;;
112501;ROSIE;Rosière;6.91638305555556;46.99146611111112;ST;;93570;1;;;;;;;;
112502;ROSIE;Rosière;6.91639111111111;46.99143305555556;ST;;93570;2;;;;;;;;
112503;ROSIE;Rosière;6.91698111111111;46.9915988888889;ST;;93570;3;;;;;;;;
112601;CHEMI;Cheminée;6.91499888888889;46.98683611111112;ST;;93571;1;;;;;;;;
112701;DDR;Denis-de-Rougemont;6.91668305555556;47.00126611111112;ST;;93572;1;;;;;;;;
112801;AVALP;Av des Alpes;6.91718388888889;46.99364611111112;ST;;93573;1;;;;;;;;
112901;BMAIN;Bas-de-la-Main;6.91765194444445;46.98785305555556;ST;;93574;1;;;;;;;;
112902;BMAIN;Bas-de-la-Main;6.91766694444445;46.98791694444444;ST;;93574;2;;;;;;;;
113001;POACAC;Porte-des-Acacias;6.91787888888889;46.99995305555556;ST;;93575;1;;;;;;;;
113101;MARRO;Marronniers;6.91934305555556;46.99221694444444;ST;;93576;1;;;;;;;;
113201;ACACIA;Acacias;6.919965;47.00008305555556;ST;;93577;1;;;;;;;;
113202;ACACIA;Acacias;6.91982805555556;47.0001888888889;ST;;93577;2;;;;;;;;
113301;BACHE;Bachelin;6.92008388888889;46.99403694444446;ST;;93578;1;;;;;;;;
113401;CHAMP;Champ-Coco;6.92110694444445;46.9915;ST;;93579;1;;;;;;;;
113402;CHAMP;Champ-Coco;6.92067805555556;46.99166194444444;ST;;93579;2;;;;;;;;
103;gare;Gare;6.82447111111111;47.0986088888889;ST;;4764;3;;;;;;;;
102;gare;Gare;6.82447111111111;47.0986088888889;ST;;4764;2;;;;;;;;
105;gare;Gare;6.82447111111111;47.0986088888889;ST;;4764;5;;;;;;;;
101;gare;Gare;6.82447111111111;47.0986088888889;ST;;4764;1;;;;;;;;
104;gare;Gare;6.82447111111111;47.0986088888889;ST;;4764;4;;;;;;;;
302;thea;Théâtre;6.82886194444444;47.10199305555556;ST;;93678;2;;;;;;;;
402;grfo;Grande-Fontaine;6.83101305555556;47.1028238888889;ST;;71884;2;;;;;;;;
501;espa;Espacité;6.82948;47.1026288888889;ST;;71883;1;;;;;;;;
601;frco;Fritz-Courvoisier;6.83495805555556;47.10406194444446;ST;;93693;1;;;;;;;;
602;frco;Fritz-Courvoisier;6.83489;47.1039288888889;ST;;93693;2;;;;;;;;
802;etoi;Etoile;6.83744194444445;47.10333805555556;ST;;93699;2;;;;;;;;
801;etoi;Etoile;6.83743694444444;47.103415;ST;;93699;1;;;;;;;;
902;most;Monique St-Hélier;6.839055;47.10467805555556;ST;;93704;2;;;;;;;;
901;most;Monique St-Hélier;6.83913694444444;47.10483111111112;ST;;93704;1;;;;;;;;
113502;REGIO;Régional;6.92178305555556;46.98978305555556;ST;;93580;2;;;;;;;;
113501;REGIO;Régional;6.92168305555556;46.989835;ST;;93580;1;;;;;;;;
113601;COLPA;Collège des Parcs;6.92293;46.99331;ST;;93581;1;;;;;;;;
113701;COTE;Rue de la Côte;6.92412805555556;46.99444805555556;ST;;93582;1;;;;;;;;
113801;PREBA;Prébarreau;6.925435;46.99248194444444;ST;;93583;1;;;;;;;;
113802;PREBA;Prébarreau;6.92408611111111;46.9923438888889;ST;;93583;2;;;;;;;;
113803;PREBA;Prébarreau;6.92427888888889;46.99099111111112;ST;;93583;3;;;;;;;;
113901;CHAUM;Chaumière;6.92549;46.99412111111112;ST;;93584;1;;;;;;;;
113902;CHAUM;Chaumière;6.92593888888889;46.99422694444444;ST;;93584;2;;;;;;;;
113903;CHAUM;Chaumière;6.926035;46.994185;ST;;93584;3;;;;;;;;
114001;ORIET;Oriette;6.92625111111111;46.99085611111112;ST;;93585;1;;;;;;;;
114002;ORIET;Oriette;6.92586611111111;46.99075;ST;;93585;2;;;;;;;;
114101;CROIDU;Croix-du-Marché;6.92897305555556;46.99161;ST;;93586;1;;;;;;;;
114102;CROIDU;Croix-du-Marché;6.92893805555556;46.991605;ST;;93586;2;;;;;;;;
114202;PQROUL;Pierre-qui-Roule;6.92923305555556;46.99743305555556;ST;;93587;2;;;;;;;;
114201;PQROUL;Pierre-qui-Roule;6.92838111111111;46.99735;ST;;93587;1;;;;;;;;
114301;LSFAV;Louis-Favre;6.92968305555556;46.99465;ST;;93588;1;;;;;;;;
114302;LSFAV;Louis-Favre;6.92966611111111;46.99415;ST;;93588;2;;;;;;;;
114303;LSFAV;Louis-Favre;6.93010194444445;46.995405;ST;;93588;3;;;;;;;;
1001;lepl;l'Eplattenier;6.841545;47.1059588888889;ST;;93708;1;;;;;;;;
1002;lepl;l'Eplattenier;6.84135111111111;47.10585194444446;ST;;93708;2;;;;;;;;
114401;NUMAD;Numa-Droz;6.93118305555556;46.99048305555556;ST;;93589;1;;;;;;;;
1101;aret;Arêtes;6.84391194444444;47.10492;ST;;93710;1;;;;;;;;
1201;chfo;La Chaux-de-Fonds;6.82564611111111;47.09855611111112;ST;;4314;1;;;;;;;;
104701;CREDEB;Crêt Debély;6.90497805555556;47.0600288888889;ST;;79610;1;;;;;;;;
104702;CREDEB;Crêt Debély;6.90606888888889;47.06025611111112;ST;;79610;2;;;;;;;;
104801;GCHEZ;Grand-Chézard;6.91735;47.06237305555556;ST;;79611;1;;;;;;;;
104802;GCHEZ;Grand-Chézard;6.91761;47.06242694444444;ST;;79611;2;;;;;;;;
103901;GOSTAU;Gorgier-St-Aubin Gare;6.78118888888889;46.89897611111112;ST;;70322;1;;;;;;;;
117401;CORMO;Cormondrèche, Grand'Rue;6.868875;46.98172611111112;ST;;94596;1;;;;;;;;
117501;HRIV;Hauterive, Poste;6.970905;47.01256111111112;ST;;94597;1;;;;;;;;
117601;FALAI;Falaises;6.960015;47.0041138888889;ST;;94598;1;;;;;;;;
117602;FALAI;Falaises;6.96065;47.00441611111112;ST;;94598;2;;;;;;;;
117701;GOUTT;Gouttes d'Or;6.96660888888889;47.00736305555556;ST;;94599;1;;;;;;;;
117702;GOUTT;Gouttes d'Or;6.96607;47.00714611111112;ST;;94599;2;;;;;;;;
114503;ERMITA;Ermitage;6.9321;46.99816611111112;ST;;93590;3;;;;;;;;
114501;ERMITA;Ermitage;6.93168305555556;46.99783305555556;ST;;93590;1;;;;;;;;
114502;ERMITA;Ermitage;6.9321;46.99816611111112;ST;;93590;2;;;;;;;;
114601;RTTS;Rochettes;6.93267111111111;46.99468611111112;ST;;93591;1;;;;;;;;
114602;RTTS;Rochettes;6.93258194444444;46.99468805555556;ST;;93591;2;;;;;;;;
114701;POSTE;Poste;6.932865;46.99158305555556;ST;;93592;1;;;;;;;;
114802;MATI16;Matile 16;6.93465;46.9987;ST;;93593;2;;;;;;;;
114801;MATI16;Matile 16;6.93455;46.99875;ST;;93593;1;;;;;;;;
114901;JARDI;Jardin Anglais;6.93475611111111;46.99249194444446;ST;;93594;1;;;;;;;;
115001;MATI34;Matile 34;6.93698305555556;46.99925;ST;;93595;1;;;;;;;;
115002;MATI34;Matile 34;6.93701611111111;46.99921611111112;ST;;93595;2;;;;;;;;
115101;UNIVE;Université;6.93816388888889;46.99394305555556;ST;;93596;1;;;;;;;;
115102;UNIVE;Université;6.93777388888889;46.993835;ST;;93596;2;;;;;;;;
115201;FANDRE;Fontaine-André;6.94085;47.00023305555556;ST;;93597;1;;;;;;;;
115202;FANDRE;Fontaine-André;6.94085;47.00023305555556;ST;;93597;2;;;;;;;;
115301;LISER;Liserons;6.94183888888889;46.9994988888889;ST;;93598;1;;;;;;;;
115302;LISER;Liserons;6.94117194444445;46.9993488888889;ST;;93598;2;;;;;;;;
2002;metr;Métropole;6.82274194444444;47.09837805555556;ST;;93659;2;;;;;;;;
115402;POURT;Hôpital Pourtalès;6.94289305555556;46.99602305555556;ST;;93599;2;;;;;;;;
115401;POURT;Hôpital Pourtalès;6.94232111111111;46.995865;ST;;93599;1;;;;;;;;
2102;grpo;Grand-Pont;6.81951305555556;47.09645805555556;ST;;87361;2;;;;;;;;
2101;grpo;Grand-Pont;6.82001888888889;47.09704611111112;ST;;87361;1;;;;;;;;
2202;enti;Entilles;6.816865;47.09493805555556;ST;;89282;2;;;;;;;;
2201;enti;Entilles;6.816565;47.09502805555556;ST;;89282;1;;;;;;;;
2301;morg;Morgarten;6.81215194444445;47.092305;ST;;79720;1;;;;;;;;
2302;morg;Morgarten;6.81267611111111;47.09249805555556;ST;;79720;2;;;;;;;;
2401;bofo;Bonne-Fontaine;6.80874;47.09033611111112;ST;;93629;1;;;;;;;;
2402;bofo;Bonne-Fontaine;6.80835805555556;47.08995194444444;ST;;93629;2;;;;;;;;
2502;epja;Eplatures-Jaune;6.80382111111111;47.08753111111112;ST;;87721;2;;;;;;;;
2501;epja;Eplatures-Jaune;6.80351388888889;47.08753194444446;ST;;87721;1;;;;;;;;
2602;gril;Grillon;6.80135;47.08648111111112;ST;;93624;2;;;;;;;;
2601;gril;Grillon;6.80173194444445;47.08663;ST;;93624;1;;;;;;;;
2702;coou;Combe-à-l'Ours;6.80289388888889;47.08394611111112;ST;;88214;2;;;;;;;;
2701;coou;Combe-à-l'Ours;6.80169888888889;47.0840588888889;ST;;88214;1;;;;;;;;
2801;epla;Eplatures Nord;6.80266;47.08932694444444;ST;;94499;1;;;;;;;;
2902;blce;Blaise-Cendrars;6.80520888888889;47.090675;ST;;93626;2;;;;;;;;
104901;STHO;St-Honoré;6.9312;46.990965;ST;;79623;1;;;;;;;;
104902;STHO;St-Honoré;6.93127805555556;46.991145;ST;;79623;2;;;;;;;;
105001;TERREA;Terreaux Muséum;6.93135;46.99345;ST;;79624;1;;;;;;;;
105002;TERREA;Terreaux Muséum;6.93044611111111;46.9931038888889;ST;;79624;2;;;;;;;;
105003;TERREA;Terreaux Muséum;6.930115;46.99277805555556;ST;;79624;3;;;;;;;;
105101;GARBLC;Gare (Nord);6.93437611111111;46.99687;ST;;79625;1;;;;;;;;
105102;GARBLC;Gare (Nord);6.93352305555556;46.99651;ST;;79625;2;;;;;;;;
105104;GARBLC;Gare (Nord);6.93400305555556;46.99674194444444;ST;;79625;4;;;;;;;;
105207;ROCHER;Rocher;6.93763194444445;46.99848694444444;ST;;79627;7;;;;;;;;
105201;ROCHER;Rocher;6.93744;46.998245;ST;;79627;1;;;;;;;;
105202;ROCHER;Rocher;6.93691;46.99839694444444;ST;;79627;2;;;;;;;;
105206;ROCHER;Rocher;6.93730888888889;46.99847111111112;ST;;79627;6;;;;;;;;
105203;ROCHER;Rocher;6.93689194444445;46.99784694444446;ST;;79627;3;;;;;;;;
105204;ROCHER;Rocher;6.93753888888889;46.9981388888889;ST;;79627;4;;;;;;;;
11001;monb;Montbrillant;6.81886111111111;47.10534611111112;ST;;93653;1;;;;;;;;
996601;ANCPO;Ancienne Poste;6.77480694444444;46.89451611111112;ST;;9966;1;;;;;;;;
105301;PLAN;Plan;6.92683305555556;46.99711611111112;ST;;79628;1;;;;;;;;
105302;PLAN;Plan;6.92682388888889;46.99704305555556;ST;;79628;2;;;;;;;;
11101;plai;Plaisance;6.81681305555556;47.10371305555556;ST;;93645;1;;;;;;;;
105401;VERGE;Verger-Rond;6.92415;46.9986;ST;;79629;1;;;;;;;;
105402;VERGE;Verger-Rond;6.92415;46.9986;ST;;79629;2;;;;;;;;
11201;tera;Tête-de-Ran;6.81611194444445;47.10165305555556;ST;;93642;1;;;;;;;;
11301;tour;Tourelles;6.81633694444444;47.10112111111112;ST;;93644;1;;;;;;;;
11401;sign;Signal;6.81905888888889;47.10299111111112;ST;;93650;1;;;;;;;;
11502;elec;Electrices;6.82227194444444;47.10711194444446;ST;;93657;2;;;;;;;;
11602;cant;22 Cantons;6.82252805555556;47.10852305555556;ST;;93661;2;;;;;;;;
11701;pojo;Point-du-jour;6.82272888888889;47.11017305555556;ST;;93660;1;;;;;;;;
118202;AUV10;Auvernier Gare;6.87900805555556;46.97959;ST;;94861;2;;;;;;;;
118201;AUV10;Auvernier Gare;6.87902111111111;46.97954111111112;ST;;94861;1;;;;;;;;
11901;somb;Sombaille;6.82591694444444;47.11204305555556;ST;;93671;1;;;;;;;;
109302;BUCHIL;Buchilles;6.83051611111111;46.9467;ST;;88242;2;;;;;;;;
109301;BUCHIL;Buchilles;6.83050305555556;46.94670305555556;ST;;88242;1;;;;;;;;
118302;PACOTT;Pacotte;6.87279805555556;46.9757138888889;ST;;94862;2;;;;;;;;
118301;PACOTT;Pacotte;6.87326305555556;46.97604305555556;ST;;94862;1;;;;;;;;
118401;SOLI;Solitude;6.83723194444445;46.96902305555556;ST;;94863;1;;;;;;;;
118501;BACO;Baconnière;6.83584611111111;46.9543938888889;ST;;94864;1;;;;;;;;
118502;BACO;Baconnière;6.836665;46.95401611111112;ST;;94864;2;;;;;;;;
118601;CEDR;Cèdres;6.83280694444444;46.9544788888889;ST;;94865;1;;;;;;;;
118602;CEDR;Cèdres;6.83213888888889;46.9548638888889;ST;;94865;2;;;;;;;;
118701;CONR;Conrardes;6.84100611111111;46.9571738888889;ST;;94866;1;;;;;;;;
118702;CONR;Conrardes;6.84065194444444;46.95697805555556;ST;;94866;2;;;;;;;;
20001;plma;Place du Marché;6.74820888888889;47.05749305555556;ST;;87371;1;;;;;;;;
118801;BOGA;Boudry Gare;6.83453111111111;46.959195;ST;;94867;1;;;;;;;;
20102;mire;Mireval;6.74594805555556;47.05683;ST;;93732;2;;;;;;;;
20101;mire;Mireval;6.745805;47.05671194444444;ST;;93732;1;;;;;;;;
118902;SLFO;Sur-la-Forêt;6.83425388888889;46.9572088888889;ST;;94868;2;;;;;;;;
118901;SLFO;Sur-la-Forêt;6.83453;46.95690805555556;ST;;94868;1;;;;;;;;
20201;chal;Le Chalet;6.73927;47.0560238888889;ST;;30260;1;;;;;;;;
20202;chal;Le Chalet;6.73898611111111;47.05593805555556;ST;;30260;2;;;;;;;;
119001;VAUVI;Vauvilliers;6.83483111111111;46.95217111111112;ST;;94869;1;;;;;;;;
119002;VAUVI;Vauvilliers;6.83421388888889;46.9526038888889;ST;;94869;2;;;;;;;;
20302;loho;Hôpital;6.74180111111111;47.0566888888889;ST;;93727;2;;;;;;;;
20301;loho;Hôpital;6.74162805555556;47.05665611111112;ST;;93727;1;;;;;;;;
20401;pemo;Petits-Monts;6.73587111111111;47.05722305555556;ST;;93716;1;;;;;;;;
20402;pemo;Petits-Monts;6.73602805555556;47.05728194444444;ST;;93716;2;;;;;;;;
20501;malp;Malpierres;6.73849305555556;47.05792;ST;;93720;1;;;;;;;;
20502;malp;Malpierres;6.73857388888889;47.0579188888889;ST;;93720;2;;;;;;;;
3002;arci;Arc-en-Ciel;6.80547694444444;47.09174805555556;ST;;93625;2;;;;;;;;
3001;arci;Arc-en-Ciel;6.804925;47.0915238888889;ST;;93625;1;;;;;;;;
20602;till;Tilleuls;6.74144;47.05839;ST;;93726;2;;;;;;;;
20601;till;Tilleuls;6.74142111111111;47.058375;ST;;93726;1;;;;;;;;
3102;breg;Breguet;6.80809694444444;47.09300611111112;ST;;93627;2;;;;;;;;
3101;breg;Breguet;6.80705;47.09261694444444;ST;;93627;1;;;;;;;;
20702;joli;Jolimont;6.74402611111111;47.05938194444444;ST;;93729;2;;;;;;;;
20701;joli;Jolimont;6.74399;47.05941;ST;;93729;1;;;;;;;;
3202;tric;Tricentenaire;6.80977305555556;47.094075;ST;;93634;2;;;;;;;;
3201;tric;Tricentenaire;6.80979611111111;47.09416611111112;ST;;93634;1;;;;;;;;
20802;loco;Le Locle Collège;6.74655194444445;47.06102611111112;ST;;93733;2;;;;;;;;
20801;loco;Le Locle Collège;6.74652388888889;47.06105694444446;ST;;93733;1;;;;;;;;
3302;numa;Numaga;6.81219305555556;47.09468805555556;ST;;93635;2;;;;;;;;
3301;numa;Numaga;6.81256805555556;47.095;ST;;93635;1;;;;;;;;
20901;lomo;Monts;6.74828111111111;47.06165305555556;ST;;93735;1;;;;;;;;
3401;cean;Cernil-Antoine;6.81421111111111;47.09598694444446;ST;;93638;1;;;;;;;;
3402;cean;Cernil-Antoine;6.81421611111111;47.09589694444446;ST;;93638;2;;;;;;;;
3502;fusi;Fusion;6.81783;47.09808305555556;ST;;93647;2;;;;;;;;
3501;fusi;Fusion;6.81815111111111;47.09837805555556;ST;;93647;1;;;;;;;;
3602;paix;Paix;6.81999805555556;47.0988088888889;ST;;93651;2;;;;;;;;
105501;AVCADO;Av. des Cadolles;6.92445;47.00083305555556;ST;;79630;1;;;;;;;;
105502;AVCADO;Av. des Cadolles;6.92431;47.00082611111112;ST;;79630;2;;;;;;;;
105601;PIABOT;Pierre-à-Bot;6.91405;47.00011611111112;ST;;79631;1;;;;;;;;
105701;STAND;Stand;6.90503388888889;47.00545111111112;ST;;79632;1;;;;;;;;
105702;STAND;Stand;6.90503388888889;47.00545111111112;ST;;79632;2;;;;;;;;
105801;FENIN;Fenin;6.92190194444445;47.02517;ST;;79633;1;;;;;;;;
105802;FENIN;Fenin;6.92130888888889;47.0245888888889;ST;;79633;2;;;;;;;;
105901;VILAR;Vilars NE;6.92688;47.03156;ST;;79634;1;;;;;;;;
105902;VILAR;Vilars NE;6.92728694444445;47.03214305555556;ST;;79634;2;;;;;;;;
997201;CASAC;Case à Choc;6.92197111111111;46.98911694444446;ST;;9972;1;;;;;;;;
106001;SAULE;Saules;6.93512611111111;47.038575;ST;;79635;1;;;;;;;;
106002;SAULE;Saules;6.93445;47.03844805555556;ST;;79635;2;;;;;;;;
106101;GRSAV;Grand-Savagnier;6.95513;47.0476238888889;ST;;79636;1;;;;;;;;
106102;GRSAV;Grand-Savagnier;6.95513;47.0476238888889;ST;;79636;2;;;;;;;;
997401;POISS;Poisson (NOC);6.87888111111111;46.97525305555556;ST;;9974;1;;;;;;;;
106201;PRAYE;Les Prayes;6.95566611111111;47.0513238888889;ST;;79637;1;;;;;;;;
106202;PRAYE;Les Prayes;6.95566611111111;47.0513238888889;ST;;79637;2;;;;;;;;
997501;ARGIR;Giratoire (NOC);6.85517194444444;46.95552194444446;ST;;9975;1;;;;;;;;
12001;aout;1er Août;6.82698;47.11001;ST;;93673;1;;;;;;;;
106301;PTSAV;Petit-Savagnier;6.95268388888889;47.05373194444444;ST;;79638;1;;;;;;;;
997601;CHEBL;Cheval Blanc (NOC);6.85784388888889;46.9645288888889;ST;;9976;1;;;;;;;;
106401;SDEBR;Moulin des Sauges;6.94211;47.0608;ST;;79639;1;;;;;;;;
106402;SDEBR;Moulin des Sauges;6.94211;47.0608;ST;;79639;2;;;;;;;;
997701;TIVLI;Tivoli (NOC);6.76662194444444;46.88777611111112;ST;;9977;1;;;;;;;;
997801;STAUS;Pattus (NOC);6.77355388888889;46.89313194444444;ST;;9978;1;;;;;;;;
997901;AUVBU;Auvernier Littorail bus;6.87881805555556;46.97513305555556;ST;;9979;1;;;;;;;;
119101;PEUSES;Perreuses;6.85032111111111;46.96750805555556;ST;;94870;1;;;;;;;;
119102;PEUSES;Perreuses;6.850895;46.96816805555556;ST;;94870;2;;;;;;;;
119201;SOURCE;Sources;6.85546305555556;46.96496194444446;ST;;94871;1;;;;;;;;
119301;STETIE;St-Etienne;6.86405111111111;46.96676805555556;ST;;94872;1;;;;;;;;
119302;STETIE;St-Etienne;6.864075;46.96682;ST;;94872;2;;;;;;;;
119401;VERNE;Vernes, Colombier;6.85426888888889;46.967995;ST;;94873;1;;;;;;;;
119501;PLGARE;Place de la Gare;6.88543194444444;46.98335305555556;ST;;94874;1;;;;;;;;
119601;CIM10;Cimetière;6.90434;46.98693111111112;ST;;94875;1;;;;;;;;
119602;CIM10;Cimetière;6.90429305555556;46.98697805555556;ST;;94875;2;;;;;;;;
119701;NICRO;Nid-du-Crô;6.95385694444445;46.99691805555556;ST;;94876;1;;;;;;;;
21002;loga;Gare;6.74556305555556;47.05753;ST;;71800;2;;;;;;;;
21001;loga;Gare;6.74559194444445;47.05754111111112;ST;;71800;1;;;;;;;;
119801;FORNA;Fornachon;6.891765;46.98468805555556;ST;;94877;1;;;;;;;;
119802;FORNA;Fornachon;6.89176888888889;46.98466111111112;ST;;94877;2;;;;;;;;
21101;jakl;Jardin Klaus;6.74842888888889;47.05718111111112;ST;;87370;1;;;;;;;;
119901;PLACEU;Placeules;6.88601888888889;46.98511194444446;ST;;94878;1;;;;;;;;
21201;daje;Daniel-JeanRichard;6.75126305555556;47.05898194444444;ST;;93739;1;;;;;;;;
21401;cogi;Combe-Girard;6.75989805555556;47.06242111111112;ST;;93751;1;;;;;;;;
21502;gera;Gérardmer;6.76198194444444;47.06336194444444;ST;;87368;2;;;;;;;;
21501;gera;Gérardmer;6.76193194444444;47.063405;ST;;87368;1;;;;;;;;
4001;coul;Coullery;6.82762305555556;47.10212194444446;ST;;93675;1;;;;;;;;
4002;coul;Coullery;6.82787611111111;47.10204805555556;ST;;93675;2;;;;;;;;
4102;bibl;Bibliothèque;6.82535805555556;47.10381694444446;ST;;93665;2;;;;;;;;
4101;bibl;Bibliothèque;6.82539111111111;47.10370194444446;ST;;93665;1;;;;;;;;
21705;verg;Verger;6.76680111111111;47.06621305555556;ST;;79725;5;;;;;;;;
21701;verg;Verger;6.76603888888889;47.06610111111112;ST;;79725;1;;;;;;;;
21704;verg;Verger;6.76566;47.0669438888889;ST;;79725;4;;;;;;;;
21703;verg;Verger;6.76548805555556;47.06700611111112;ST;;79725;3;;;;;;;;
21702;verg;Verger;6.76611888888889;47.06603805555556;ST;;79725;2;;;;;;;;
4202;boch;Bois Petit Château;6.82411388888889;47.10464805555556;ST;;93663;2;;;;;;;;
4201;boch;Bois Petit Château;6.82373;47.10488694444444;ST;;93663;1;;;;;;;;
4203;boch;Bois Petit Château;6.82409694444444;47.10466111111112;ST;;93663;3;;;;;;;;
21801;jadu;Jambe-Ducommun;6.76516194444445;47.06342305555556;ST;;93754;1;;;;;;;;
4301;hepbej;Stavay-Mollondin;6.82567388888889;47.10673;ST;;93667;1;;;;;;;;
4302;hepbej;Stavay-Mollondin;6.82567388888889;47.10665611111112;ST;;93667;2;;;;;;;;
21901;maca;Marie-Anne Calame;6.75117194444445;47.05943305555556;ST;;93738;1;;;;;;;;
4402;cita;Citadelle;6.82758611111111;47.10817805555556;ST;;93676;2;;;;;;;;
4401;cita;Citadelle;6.827985;47.1086;ST;;93676;1;;;;;;;;
4502;beai;Bel-Air;6.82939194444445;47.1100438888889;ST;;93679;2;;;;;;;;
4501;beai;Bel-Air;6.82929194444444;47.110295;ST;;93679;1;;;;;;;;
4602;chas;Chasseral;6.82977611111111;47.11248611111112;ST;;93681;2;;;;;;;;
4601;chas;Chasseral;6.82970111111111;47.11253194444446;ST;;93681;1;;;;;;;;
106503;AREUSE;Areuse Littorail, gare;6.85423305555556;46.9545738888889;ST;;79640;3;;;;;;;;
4701;hopi;Hôpital;6.83144194444444;47.11355611111112;ST;;93684;1;;;;;;;;
106601;CHANEL;Chanélaz;6.85285;46.9508;ST;;79641;1;;;;;;;;
106602;CHANEL;Chanélaz;6.85298305555556;46.95075;ST;;79641;2;;;;;;;;
4801;prev;Prévoyance;6.83437111111111;47.114955;ST;;93690;1;;;;;;;;
998001;COLIT;Colombier Littorail bus;6.865735;46.96642;ST;;9980;1;;;;;;;;
106701;BASSAC;Bas-de-Sachet;6.85185;46.9475;ST;;79642;1;;;;;;;;
106702;BASSAC;Bas-de-Sachet;6.85196611111111;46.94763305555556;ST;;79642;2;;;;;;;;
30003;brfr;Les Frêtes;6.71591;47.05709694444444;ST;;4391;3;;;;;;;;
30002;brfr;Les Frêtes;6.71591;47.05709694444444;ST;;4391;2;;;;;;;;
106801;CORT1P;Cortaillod Temple;6.84588388888889;46.9429088888889;ST;;79643;1;;;;;;;;
106802;CORT1P;Cortaillod Temple;6.84633305555556;46.94353305555556;ST;;79643;2;;;;;;;;
998101;TUILB;Tuilières bus;6.84279111111111;46.95150694444446;ST;;9981;1;;;;;;;;
30102;brga;Les Brenets;6.70889111111111;47.0677938888889;ST;;82532;2;;;;;;;;
106901;CORTAG;Cort'Agora;6.84425;46.94406611111112;ST;;79644;1;;;;;;;;
106902;CORTAG;Cort'Agora;6.84425;46.94406611111112;ST;;79644;2;;;;;;;;
998201;malvi;Malvilliers;6.86599111111111;47.0324238888889;ST;;9982;1;;;;;;;;
30201;brce;Les Brenets, un centre sportif;6.70261611111111;47.06564694444444;ST;;82536;1;;;;;;;;
998302;CORHV;Haut du village;6.86681388888889;46.98523805555556;ST;;9983;2;;;;;;;;
998301;CORHV;Haut du village;6.86677388888889;46.9852038888889;ST;;9983;1;;;;;;;;
107001;CRETFIN;Crêt-de-la-Fin;6.77978;46.90154;ST;;79646;1;;;;;;;;
998401;MONTM;Montmollin;6.84597694444444;46.9924738888889;ST;;9984;1;;;;;;;;
120901;VAUSE;Vauseyon;6.90698305555556;46.98933305555556;ST;;4230;1;;;;;;;;
120902;VAUSE;Vauseyon;6.90698305555556;46.98933305555556;ST;;4230;2;;;;;;;;
30401;lebe;Les Brenets;6.70737305555556;47.06720694444446;ST;;4392;1;;;;;;;;
107101;CERISI;Les Cerisiers;6.77712194444445;46.8982738888889;ST;;79647;1;;;;;;;;
998501;LLRON;Rond-point FdV;7.07263194444444;47.05816305555556;ST;;9985;1;;;;;;;;
30501;locl;Le Locle;6.74613;47.05787;ST;;4316;1;;;;;;;;
13001;mara;Marais;6.83722;47.10572;ST;;93697;1;;;;;;;;
107201;SENET;Senet;6.775685;46.895355;ST;;79648;1;;;;;;;;
998601;LANCE;Landeron centre;7.06677694444444;47.05544;ST;;9986;1;;;;;;;;
30601;lech;Le Chalet;6.73888;47.05592;ST;;93721;1;;;;;;;;
13101;espl;Esplanade;6.83875111111111;47.106875;ST;;93703;1;;;;;;;;
998701;LANZI;Landeron Z.I.;7.06060194444445;47.055935;ST;;9987;1;;;;;;;;
30701;fret;Les Frêtes;6.72575;47.05859;ST;;307;1;;;;;;;;
13201;etan;Etang;6.84034888888889;47.10809;ST;;93706;1;;;;;;;;
998801;CREGA;Cressier gare;7.03882111111111;47.05213111111112;ST;;9988;1;;;;;;;;
13301;prro;Prés-de-la-Ronde;6.84089888888889;47.11021194444444;ST;;93707;1;;;;;;;;
998901;MALP;Malpierres;7.02999805555556;47.0444788888889;ST;;9989;1;;;;;;;;
13402;coll;La Chaux-de-Fonds Collège;6.83806888888889;47.1085138888889;ST;;93701;2;;;;;;;;
13502;fora;Forains;6.83667194444444;47.10684611111112;ST;;93696;2;;;;;;;;
13601;toub;Tourbillon;6.79428111111111;47.08013;ST;;91897;1;;;;;;;;
22001;bill;Billodes;6.73921194444445;47.05476805555556;ST;;93722;1;;;;;;;;
22101;ecgi;Ecole des Girardet;6.76222888888889;47.06536111111112;ST;;87720;1;;;;;;;;
22102;ecgi;Ecole des Girardet;6.76269111111111;47.0655888888889;ST;;87720;2;;;;;;;;
22202;aula;Auguste-Lambelet;6.76014305555556;47.06460611111112;ST;;93752;2;;;;;;;;
22302;gepe;Georges-Perrenoud;6.75738388888889;47.06319194444444;ST;;93749;2;;;;;;;;
101907;COLOMB;Colombier;6.86567111111111;46.96602611111112;ST;;4325;7;;;;;;;;
101908;COLOMB;Colombier;6.86543111111111;46.96599194444446;ST;;4325;8;;;;;;;;
22402;raya;Raya;6.755495;47.0621;ST;;93746;2;;;;;;;;
22501;besi;Beau-Site;6.75453805555556;47.05925194444444;ST;;93744;1;;;;;;;;
5001;char;Charrière;6.84013805555556;47.11359;ST;;93705;1;;;;;;;;
22601;foye;Foyer;6.75588;47.05749611111112;ST;;93747;1;;;;;;;;
5101;pasp;Parc des sports;6.83509805555556;47.11210194444446;ST;;71886;1;;;;;;;;
5102;pasp;Parc des sports;6.83513194444444;47.11199694444446;ST;;71886;2;;;;;;;;
22702;fiot;Fiottets;6.75154388888889;47.0538538888889;ST;;93742;2;;;;;;;;
22701;fiot;Fiottets;6.75261194444444;47.05408611111112;ST;;93742;1;;;;;;;;
5202;pege;Perret-Gentil;6.831925;47.10922194444444;ST;;93687;2;;;;;;;;
5201;pege;Perret-Gentil;6.832;47.109455;ST;;93687;1;;;;;;;;
22801;loge;Gentianes;6.75409388888889;47.05298805555556;ST;;93743;1;;;;;;;;
5302;moul;Moulins;6.831145;47.1073138888889;ST;;71885;2;;;;;;;;
5301;moul;Moulins;6.83107111111111;47.10760611111112;ST;;71885;1;;;;;;;;
22901;comm;Communal;6.75624111111111;47.05103694444444;ST;;93748;1;;;;;;;;
5402;vers;Versoix;6.83103888888889;47.10523305555556;ST;;93683;2;;;;;;;;
5401;vers;Versoix;6.8309;47.1053688888889;ST;;93683;1;;;;;;;;
5502;marc;Marché;6.83203694444444;47.10403194444444;ST;;93685;2;;;;;;;;
5501;marc;Marché;6.83174111111111;47.10420111111112;ST;;93685;1;;;;;;;;
107301;COMBAM;Combamare;6.782685;46.9000438888889;ST;;79650;1;;;;;;;;
107302;COMBAM;Combamare;6.78227111111111;46.8997038888889;ST;;79650;2;;;;;;;;
107402;CLBART;Chez-le-Bart, Poste;6.78608305555556;46.90128305555556;ST;;79651;2;;;;;;;;
107401;CLBART;Chez-le-Bart, Poste;6.78594;46.90131611111112;ST;;79651;1;;;;;;;;
107501;PLATAN;Platanes;6.79751194444445;46.90961194444444;ST;;79652;1;;;;;;;;
107502;PLATAN;Platanes;6.79813305555556;46.90978305555556;ST;;79652;2;;;;;;;;
999001;LANDI;Landi;7.02253805555556;47.03882611111112;ST;;9990;1;;;;;;;;
107601;CHAUVI;Chauvigny;6.80725611111111;46.91991194444444;ST;;79653;1;;;;;;;;
107602;CHAUVI;Chauvigny;6.80764111111111;46.92054111111112;ST;;79653;2;;;;;;;;
999101;HOVER;Hotel Verger;7.03048805555556;47.02163111111112;ST;;9991;1;;;;;;;;
107701;JONCHE;Les Jonchères;6.810685;46.92586;ST;;79654;1;;;;;;;;
107702;JONCHE;Les Jonchères;6.81093305555556;46.92578305555556;ST;;79654;2;;;;;;;;
999201;THIEL;Pont-de-Thielle;7.03536611111111;47.021135;ST;;9992;1;;;;;;;;
999301;VAUMA;Vaumarcus;6.75936388888889;46.8784838888889;ST;;9993;1;;;;;;;;
107801;BEVCEN;Bevaix centre;6.81488305555556;46.92991611111112;ST;;79655;1;;;;;;;;
107802;BEVCEN;Bevaix centre;6.81516611111111;46.92991611111112;ST;;79655;2;;;;;;;;
107901;YERES;Les Yères;6.81721888888889;46.9329188888889;ST;;79656;1;;;;;;;;
107902;YERES;Les Yères;6.81721888888889;46.9329188888889;ST;;79656;2;;;;;;;;
999401;collpro;Collège Promenade;6.93547611111111;46.99275;ST;;9994;1;;;;;;;;
108006;GIR3C;Giratoire 3 Communes;6.82643611111111;46.94337194444444;ST;;79657;6;;;;;;;;
108003;GIR3C;Giratoire 3 Communes;6.82913694444445;46.94302305555556;ST;;79657;3;;;;;;;;
108005;GIR3C;Giratoire 3 Communes;6.827215;46.9429988888889;ST;;79657;5;;;;;;;;
108001;GIR3C;Giratoire 3 Communes;6.82913694444445;46.94302305555556;ST;;79657;1;;;;;;;;
999501;clobro;Clos-Brochet;6.94124611111111;46.99565611111112;ST;;99995;1;;;;;;;;
14001;chap;Chapelle;6.83333694444445;47.10257;ST;;93689;1;;;;;;;;
108102;JORDIL;Les Jordils;6.84021611111111;46.94123305555556;ST;;79658;2;;;;;;;;
108101;JORDIL;Les Jordils;6.84021611111111;46.94123305555556;ST;;79658;1;;;;;;;;
14101;clus;Cluse;6.83497111111111;47.0999888888889;ST;;93691;1;;;;;;;;
108204;CIME_B;Les Tilles;6.83288611111111;46.94606611111112;ST;;79659;4;;;;;;;;
108202;CIME_B;Les Tilles;6.83278305555556;46.94618305555556;ST;;79659;2;;;;;;;;
14202;gibr;Gibraltar;6.835985;47.09866305555556;ST;;93695;2;;;;;;;;
120202;carref;Carrefour;6.82034611111111;46.945405;ST;;99998;2;;;;;;;;
120201;carref;Carrefour;6.82034611111111;46.945405;ST;;99998;1;;;;;;;;
14301;pecr;Petites-Crosettes;6.838795;47.09728611111112;ST;;93702;1;;;;;;;;
14302;pecr;Petites-Crosettes;6.8383;47.09733;ST;;93702;2;;;;;;;;
14401;mala;Malakoff;6.84200111111111;47.09496611111112;ST;;93709;1;;;;;;;;
14402;mala;Malakoff;6.84208111111111;47.09494805555556;ST;;93709;2;;;;;;;;
14502;orbo;Orée-du-Bois;6.84344694444445;47.094715;ST;;94498;2;;;;;;;;
14501;orbo;Orée-du-Bois;6.84346111111111;47.09470305555556;ST;;94498;1;;;;;;;;
14602;prve;Prés-Verts;6.84554611111111;47.09299;ST;;93713;2;;;;;;;;
14601;prve;Prés-Verts;6.84617694444444;47.09259;ST;;93713;1;;;;;;;;
14702;cope;Combe-Perret;6.84780611111111;47.09222305555556;ST;;93714;2;;;;;;;;
14801;ceri;Cerisier;6.85075111111111;47.09300694444446;ST;;93715;1;;;;;;;;
14901;prin;Balancier;6.82598694444444;47.10057111111112;ST;;93670;1;;;;;;;;
14902;prin;Balancier;6.826685;47.100725;ST;;93670;2;;;;;;;;
40103;croi;Croisette;6.75480694444445;47.0614438888889;ST;;87366;3;;;;;;;;
40102;croi;Croisette;6.75650305555556;47.06203388888888;ST;;87366;2;;;;;;;;
40101;croi;Croisette;6.75568388888889;47.0617938888889;ST;;87366;1;;;;;;;;
103003;EVOLE;Evole;6.92346305555556;46.98968305555556;ST;;30708;3;;;;;;;;
103004;EVOLE;Evole;6.92346305555556;46.98968305555556;ST;;30708;4;;;;;;;;
103105;CHBOUG;Champ-Bougin;6.91242888888889;46.9846888888889;ST;;30709;5;;;;;;;;
103106;CHBOUG;Champ-Bougin;6.91242888888889;46.9846888888889;ST;;30709;6;;;;;;;;
23001;pivi;Piste Vita;6.75821388888889;47.05281694444444;ST;;93750;1;;;;;;;;
23102;prim;Primevères;6.75012611111111;47.052455;ST;;93736;2;;;;;;;;
23202;card;Cardamines;6.75245111111111;47.0504088888889;ST;;93741;2;;;;;;;;
102103;PORTSE;Port-de-Serrières;6.90484;46.98089;ST;;4509;3;;;;;;;;
102104;PORTSE;Port-de-Serrières;6.90484;46.98089;ST;;4509;4;;;;;;;;
23302;abat;Abattes;6.75476305555556;47.04888194444446;ST;;93745;2;;;;;;;;
23402;laja;La Jaluse;6.75179305555556;47.04953305555556;ST;;71827;2;;;;;;;;
23502;berg;Bergeon;6.750265;47.05142111111112;ST;;93737;2;;;;;;;;
6002;prom;Promenade;6.83346;47.1009288888889;ST;;93688;2;;;;;;;;
6001;prom;Promenade;6.83316388888889;47.10066;ST;;93688;1;;;;;;;;
23602;loet;Etangs;6.74712805555556;47.05267194444444;ST;;93734;2;;;;;;;;
6101;cret;Crêtets;6.83209;47.0979088888889;ST;;93686;1;;;;;;;;
23702;hovi;Hôtel-de-Ville;6.74552888888889;47.0558388888889;ST;;80339;2;;;;;;;;
6201;pati;Patinoire;6.829525;47.09613305555556;ST;;93680;1;;;;;;;;
23801;fran;France;6.74579888888889;47.05637611111112;ST;;93731;1;;;;;;;;
6302;bedi;Beaux-Dimanches;6.82834305555556;47.0939288888889;ST;;93677;2;;;;;;;;
23901;lux;Lux;6.74289111111111;47.0554438888889;ST;;71801;1;;;;;;;;
6401;foul;Foulets;6.82598805555556;47.09035805555556;ST;;93669;1;;;;;;;;
6402;foul;Foulets;6.825275;47.09017805555556;ST;;93669;2;;;;;;;;
6502;abro;Abraham-Robert;6.81961388888889;47.08836611111112;ST;;93652;2;;;;;;;;
6501;abro;Abraham-Robert;6.82016888888889;47.08874194444444;ST;;93652;1;;;;;;;;
6602;helv;Helvétie;6.81656;47.08836305555556;ST;;93640;2;;;;;;;;
6601;helv;Helvétie;6.81553111111111;47.08820194444446;ST;;93640;1;;;;;;;;
6702;paho;Paysans-Horlogers;6.81348888888889;47.08784111111112;ST;;93637;2;;;;;;;;
6701;paho;Paysans-Horlogers;6.81339805555556;47.08803194444446;ST;;93637;1;;;;;;;;
6802;poly;Polyexpo;6.81304694444444;47.08899;ST;;79721;2;;;;;;;;
6801;poly;Polyexpo;6.81359388888889;47.08920305555556;ST;;79721;1;;;;;;;;
108302;BDRY5;Boudry Littorail, gare;6.83918;46.94960694444444;ST;;79662;2;;;;;;;;
6902;fram;Frameries;6.81557;47.09055611111112;ST;;93639;2;;;;;;;;
6901;fram;Frameries;6.81537194444444;47.09035611111112;ST;;93639;1;;;;;;;;
108401;BLVU_P;Bellevue;6.83085;46.95033305555556;ST;;79663;1;;;;;;;;
108402;BLVU_P;Bellevue;6.83066;46.95023305555556;ST;;79663;2;;;;;;;;
108502;ADDOZ;Addoz;6.8266;46.95256111111112;ST;;79664;2;;;;;;;;
108501;ADDOZ;Addoz;6.8266;46.95256111111112;ST;;79664;1;;;;;;;;
108601;PRAZ;Praz;6.82310805555556;46.95441194444444;ST;;79665;1;;;;;;;;
108602;PRAZ;Praz;6.82311611111111;46.95441194444444;ST;;79665;2;;;;;;;;
109501;ESPMAI;Esplanade du Mail;6.95077388888889;46.999525;ST;;88620;1;;;;;;;;
109502;ESPMAI;Esplanade du Mail;6.95077388888889;46.999525;ST;;88620;2;;;;;;;;
108701;PONTAR;Pontareuse;6.8206;46.95148305555556;ST;;79666;1;;;;;;;;
108702;PONTAR;Pontareuse;6.8206;46.95148305555556;ST;;79666;2;;;;;;;;
108801;PEREST;Perreux Est;6.81981611111111;46.94928305555556;ST;;79667;1;;;;;;;;
108802;PEREST;Perreux Est;6.81981611111111;46.94928305555556;ST;;79667;2;;;;;;;;
15002;paqu;Pâquerette;6.83827694444444;47.11311805555556;ST;;93700;2;;;;;;;;
15001;paqu;Pâquerette;6.83751805555556;47.11295611111112;ST;;93700;1;;;;;;;;
101402;CER_C;Cernier Centre;6.90211;47.0593638888889;ST;;4252;2;;;;;;;;
101401;CER_C;Cernier Centre;6.90212;47.05941;ST;;4252;1;;;;;;;;
101403;CER_C;Cernier Centre;6.90205888888889;47.05940805555556;ST;;4252;3;;;;;;;;
101501;PCHEZ;Petit-Chézard;6.92315805555556;47.06425305555556;ST;;4253;1;;;;;;;;
101502;PCHEZ;Petit-Chézard;6.92315805555556;47.06425305555556;ST;;4253;2;;;;;;;;
15301;cart;Cartier;6.78945111111111;47.07793;ST;;93623;1;;;;;;;;
103205;SERUA;Serrières Ruau;6.89504611111111;46.97974305555556;ST;;30710;5;;;;;;;;
103206;SERUA;Serrières Ruau;6.89504611111111;46.97974305555556;ST;;30710;6;;;;;;;;
103305;BALLEE;Allées Littorail;6.86922388888889;46.96838611111112;ST;;30711;5;;;;;;;;
103306;BALLEE;Allées Littorail;6.86951;46.96809;ST;;30711;6;;;;;;;;
15501;mort;Morteau;6.60977;47.0542788888889;ST;;71861;1;;;;;;;;
103405;CHEZA;Les Chézards;6.86381111111111;46.96076805555556;ST;;30712;5;;;;;;;;
103406;CHEZA;Les Chézards;6.86381111111111;46.96076805555556;ST;;30712;6;;;;;;;;
15601;vile;Villers-le-Lac;6.67975;47.06036805555556;ST;;156;1;;;;;;;;
103503;TUILIE;Tuilière;6.84280888888889;46.9514838888889;ST;;30713;3;;;;;;;;
103504;TUILIE;Tuilière;6.84280888888889;46.9514838888889;ST;;30713;4;;;;;;;;
15702;pont;Pont;6.83528694444445;47.10572611111112;ST;;93692;2;;;;;;;;
102205;AUVERN;Auvernier;6.87882305555556;46.97426194444444;ST;;4510;5;;;;;;;;
102206;AUVERN;Auvernier;6.87882305555556;46.97426194444444;ST;;4510;6;;;;;;;;
15801;vual;Vue-des-Alpes;6.86958805555556;47.0727738888889;ST;;87436;1;;;;;;;;
102301;BO5ST;Boudry Littorail;6.83915111111111;46.9494888888889;ST;;4511;1;;;;;;;;
15901;chbl;Chemin Blanc;6.84395111111111;47.11053694444446;ST;;93711;1;;;;;;;;
24001;gefa;G. Favre;6.74025111111111;47.052845;ST;;93724;1;;;;;;;;
24101;dixi;Ticino;6.73761694444445;47.05162388888888;ST;;93718;1;;;;;;;;
24201;jean;Jeanneret;6.73718888888889;47.0494638888889;ST;;93717;1;;;;;;;;
117306;ISLES;Les Isles Littorail;6.84859305555556;46.95422694444446;ST;;94231;6;;;;;;;;
117305;ISLES;Les Isles Littorail;6.84859305555556;46.95422694444446;ST;;94231;5;;;;;;;;
24302;frit;Fritillaires;6.73797388888889;47.05011805555556;ST;;93719;2;;;;;;;;
24301;frit;Fritillaires;6.73862805555556;47.05048805555556;ST;;93719;1;;;;;;;;
24401;corb;Corbusier;6.74087805555556;47.051645;ST;;93725;1;;;;;;;;
24402;corb;Corbusier;6.74087694444445;47.051705;ST;;93725;2;;;;;;;;
24502;tert;Tertre;6.73945305555556;47.04955694444444;ST;;93723;2;;;;;;;;
7002;jabr;Jacob-Brandt;6.81888888888889;47.09254194444446;ST;;93649;2;;;;;;;;
7001;jabr;Jacob-Brandt;6.81897888888889;47.09254694444446;ST;;93649;1;;;;;;;;
24602;lofl;Fleurs;6.74314888888889;47.0530838888889;ST;;93728;2;;;;;;;;
24601;lofl;Fleurs;6.74322805555556;47.05305194444444;ST;;93728;1;;;;;;;;
7102;noda;Notre-Dame;6.82057888888889;47.09451;ST;;79722;2;;;;;;;;
7101;noda;Notre-Dame;6.82076305555556;47.09453111111112;ST;;79722;1;;;;;;;;
24702;aven;Avenir;6.74484805555556;47.05419694444444;ST;;93730;2;;;;;;;;
24701;aven;Avenir;6.74520305555556;47.054305;ST;;93730;1;;;;;;;;
24801;loch;Chemin Blanc;6.74376305555556;47.04815388888888;ST;;248;1;;;;;;;;
50001;trav;Travers;6.676565;46.94251888888888;ST;;4215;1;;;;;;;;
24901;tech;Technicum;6.742775;47.0551038888889;ST;;87373;1;;;;;;;;
50101;pras;La Presta Mines d'asphalte;6.65439611111111;46.931125;ST;;4284;1;;;;;;;;
50201;couv;Couvet;6.63492305555556;46.92278111111112;ST;;4285;1;;;;;;;;
50301;moti;Môtiers;6.61005388888889;46.9118388888889;ST;;4286;1;;;;;;;;
50402;flga;Fleurier, gare;6.58182;46.90475111111112;ST;;79592;2;;;;;;;;
50501;butt;Buttes;6.55316;46.88821111111112;ST;;4288;1;;;;;;;;
50701;noir;Noiraigue;6.72178805555556;46.95478805555556;ST;;4216;1;;;;;;;;
50801;chmo;Champ-du-Moulin;6.77498194444445;46.9598038888889;ST;;4217;1;;;;;;;;
101301;VAUS;Vauseyon;6.907025;46.989455;ST;;4260;1;;;;;;;;
101302;VAUS;Vauseyon;6.90699611111111;46.98934194444446;ST;;4260;2;;;;;;;;
50901;neuc;Neuchâtel;6.93543805555556;46.99711111111112;ST;;4221;1;;;;;;;;
101604;PLPURY;Place Pury;6.92975694444445;46.9899988888889;ST;;4261;4;;;;;;;;
101609;PLPURY;Place Pury;6.92890611111111;46.9900338888889;ST;;4261;9;;;;;;;;
101614;PLPURY;Place Pury;6.92823388888889;46.98963805555556;ST;;4261;14;;;;;;;;
101612;PLPURY;Place Pury;6.92891888888889;46.98989;ST;;4261;12;;;;;;;;
101619;PLPURY;Place Pury;6.92848305555556;46.99014805555556;ST;;4261;19;;;;;;;;
101607;PLPURY;Place Pury;6.928905;46.99013305555556;ST;;4261;7;;;;;;;;
101603;PLPURY;Place Pury;6.929065;46.99007805555556;ST;;4261;3;;;;;;;;
101608;PLPURY;Place Pury;6.92924805555556;46.98963694444446;ST;;4261;8;;;;;;;;
101613;PLPURY;Place Pury;6.92891888888889;46.98989;ST;;4261;13;;;;;;;;
101610;PLPURY;Place Pury;6.92812;46.9898838888889;ST;;4261;10;;;;;;;;
101601;PLPURY;Place Pury;6.92914;46.99026;ST;;4261;1;;;;;;;;
16001;jope;Joux Perret;6.84474111111111;47.11238305555556;ST;;93712;1;;;;;;;;
16301;Maic;Maîche;6.80924;47.24807111111112;ST;;163;1;;;;;;;;
101703;LCOUF;La Coudre;6.96097194444444;47.00869611111112;ST;;4268;3;;;;;;;;
101801;CHA_F;Chaumont;6.95747694444444;47.02658611111112;ST;;4269;1;;;;;;;;
524504;areus;Areuse;6.85306805555556;46.95449694444446;ST;;95245;4;;;;;;;;
524505;areus;Areuse;6.85306805555556;46.95449694444446;ST;;95245;5;;;;;;;;
524603;ISLE;Les Isles;6.84759694444444;46.954645;ST;;95246;3;;;;;;;;
524604;ISLE;Les Isles;6.84733611111111;46.95498305555556;ST;;95246;4;;;;;;;;
524703;BALLE;Bas-des-Allées;6.86929305555556;46.96828805555556;ST;;95247;3;;;;;;;;
524704;BALLE;Bas-des-Allées;6.86922388888889;46.96838611111112;ST;;95247;4;;;;;;;;
120001;LCOUD;La Coudre;6.96075;47.00825;ST;;95248;1;;;;;;;;
120002;LCOUD;La Coudre;6.9616;47.00851611111112;ST;;95248;2;;;;;;;;
25001;lomi;Midi;6.74592805555556;47.0539188888889;ST;;71826;1;;;;;;;;
19901;Dépôt CF;Dépôt CF;6.80118305555556;47.08207305555556;DT;;;;;;;;;;;
79901;Dépôt Cernier;Dépôt Cernier;6.91048888888889;47.06114805555556;DT;;;;;;;;;;;
69901;Dépôt Bus Fleurier;Dépôt Bus Fleurier;6.58277194444445;46.9069338888889;DT;;;;;;;;;;;
59901;Dépôt Ferroviaire Fleurier;Dépôt Ferroviaire Fleurier;6.58609694444444;46.90565611111112;DT;;;;;;;;;;;
59801;Dépôt Ferroviaire NE;Dépôt Ferroviaire NE;6.93787194444445;46.99792111111112;DT;;;;;;;;;;;
29801;Gare Stationnement CF;Gare Stationnement CF;6.82447111111111;47.0986088888889;DT;;;;;;;;;;;
39901;Dépôt fer. Ponts-de-Martel;Dépôt fer. Ponts-de-Martel;6.73580305555556;46.99960194444444;DT;;;;;;;;;;;
100001;Chaumont dépôt funi;Chaumont dépôt funi;6.95747;47.02659;DT;;;;;;;;;;;
100101;Gare dépôt funi;Gare dépôt funi;6.93572888888889;46.9964738888889;DT;;;;;;;;;;;
100201;Université dépôt funi;Université dépôt funi;6.9376;46.9942038888889;DT;;;;;;;;;;;
100501;Europe dépôt;Europe dépôt;6.83010805555556;46.94569388888888;DT;;;;;;;;;;;
100601;Porcena dépôt;Porcena dépôt;6.87920194444445;46.9834588888889;DT;;;;;;;;;;;
100701;Perveuils dépôt;Perveuils dépôt;7.01299388888889;47.00988111111112;DT;;;;;;;;;;;
100801;Evole dép. bus;Evole dép. bus;6.92278194444445;46.98899305555556;DT;;;;;;;;;;;
100802;Evole dép. bus;Evole dép. bus;6.92278194444445;46.98899305555556;DT;;;;;;;;;;;
100901;Boudry Dépôt trains;Boudry Dépôt trains;6.83903;46.94932805555556;DT;;;;;;;;;;;
101001;Ecluse dépôt funi;Ecluse dépôt funi;6.92724694444445;46.99355805555556;DT;;;;;;;;;;;
101101;Plan dépôt funi;Plan dépôt funi;6.92720305555556;46.99703;DT;;;;;;;;;;;
101201;PP Dépôt trains;PP Dépôt trains;6.9282;46.98936;DT;;;;;;;;;;;
101202;PP Dépôt trains;PP Dépôt trains;6.9282;46.98936;DT;;;;;;;;;;;
PPBCN1;PPBCN;Place Pury BCN;0.0;0.0;ST;;18122016;1;;;;;;;;
PPStatue1;PPSTATUE;Place Pury Statue;0.0;0.0;ST;;181220162;1;;;;;;;;
hcc1;hccc;HCCC;6.83295413634344;47.09814040339204;ST;;61011;1;;;;;;;;
hccp1;hccp;HCCP;6.83020505400584;47.09575166494142;ST;;62011;1;;;;;;;;
PLGARE2;PLGARE;Place de la Gare;6.88595292768995;46.98343121093146;ST;;94874;2;;;;;;;;
PLGARE3;PLGARE;Place de la Gare;6.88613764705047;46.9835267012322;ST;;94874;3;;;;;;;;
flco3;flco;Fleurier Collège;6.57552745112203;46.90531506314836;ST;;71855;3;;;;;;;;
flco4;flco;Fleurier Collège;6.57548160532076;46.90532322458994;ST;;71855;4;;;;;;;;
daje2;daje;Daniel-JeanRichard;6.75164956373728;47.05853855096064;ST;;93739;2;;;;;;;;
plma2;plma;Place du Marché;6.75026443975847;47.05709611022798;ST;;87371;2;;;;;;;;
mire3;mire;Mireval;6.74651679297725;47.0553374124363;ST;;93732;3;;;;;;;;
mire4;mire;Mireval;6.74642288290258;47.05532250877094;ST;;93732;4;;;;;;;;
jakl2;jakl;Jardin Klaus;6.74925647032544;47.05655154026864;ST;;87370;2;;;;;;;;
daje3;daje;Daniel-JeanRichard;6.75166777340979;47.05856375794666;ST;;93739;3;;;;;;;;
maca2;maca;Marie-Anne Calame;6.75192001856848;47.0588301258133;ST;;93738;2;;;;;;;;
plma3;plma;Place du Marché;6.75026370309179;47.05702300726604;ST;;87371;3;;;;;;;;
fran2;fran;France;6.74703215789704;47.05521187765362;ST;;93731;2;;;;;;;;
daje4;daje;Daniel-JeanRichard;6.75025413690815;47.05705380602844;ST;;93739;4;;;;;;;;
maca3;maca;Marie-Anne Calame;6.75179210416175;47.05959802410214;ST;;93738;3;;;;;;;;
maca5;maca;Marie-Anne Calame;6.75178985824493;47.05960667799104;ST;;93738;5;;;;;;;;
TEVAL2;TEVAL;Temple des Valangines;6.91233922290411;46.99102361307962;ST;;94603;2;;;;;;;;
CHAUM4;CHAUM;Chaumière;6.92614202378619;46.99424405520932;ST;;93584;4;;;;;;;;
coll3;coll;La Chaux-de-Fonds Collège;6.83916309900797;47.10861550325616;ST;;93701;3;;;;;;;;
fora3;fora;Forains;6.83729676440604;47.10649423455394;ST;;93696;3;;;;;;;;
etoi4;etoi;Etoile;6.83619922890721;47.10211268471746;ST;;93699;4;;;;;;;;
most3;most;Monique St-Hélier;6.83948221613591;47.10113282218058;ST;;93704;3;;;;;;;;
PREBA4;PREBA;Prébarreau;6.92479609111697;46.99238530532018;ST;;93583;4;;;;;;;;
legr2;legr;Le Grenier;6.83189696266765;47.10028291613814;ST;;4381;2;;;;;;;;
PP1;PP-Buskers;PP-Buskers;6.92921472786823;46.98995582681842;ST;;1015;1;;;;;;;;
maca6;maca;Marie-Anne Calame;6.75222939159886;47.05916772784384;ST;;93738;6;;;;;;;;
plma4;plma;Place du Marché;6.74921900478987;47.05651176850156;ST;;87371;4;;;;;;;;
